{
  "name": "AutoSort Rules Configuration",
  "version": "1.0",
  "description": "文件整理规则配置，将文件按扩展名分类到对应文件夹",
  "created": "2025-12-27",
  "rules": {
    "PDF": ["pdf"],
    "DOC": ["doc", "docx", "txt", "rtf", "odt"],
    "XLS": ["xls", "xlsx", "csv"],
    "PPT": ["ppt", "pptx"],
    "JPG": ["jpg", "jpeg"],
    "PNG": ["png"],
    "GIF": ["gif"],
    "BMP": ["bmp"],
    "TIFF": ["tiff", "tif"],
    "SVG": ["svg"],
    "WEBP": ["webp"],
    "ICO": ["ico"],
    "PSD": ["psd"],
    "AI": ["ai"],
    "EPS": ["eps"],
    "RAW": ["raw", "cr2", "nef", "arw"],
    "MP4": ["mp4", "m4v"],
    "AVI": ["avi"],
    "MKV": ["mkv"],
    "MOV": ["mov"],
    "WMV": ["wmv"],
    "FLV": ["flv"],
    "WEBM": ["webm"],
    "3GP": ["3gp"],
    "MPG": ["mpg", "mpeg"],
    "VOB": ["vob"],
    "MP3": ["mp3"],
    "WAV": ["wav"],
    "FLAC": ["flac"],
    "AAC": ["aac"],
    "OGG": ["ogg"],
    "WMA": ["wma"],
    "M4A": ["m4a"],
    "APE": ["ape"],
    "ALAC": ["alac"],
    "ZIP": ["zip"],
    "RAR": ["rar"],
    "7Z": ["7z"],
    "TAR": ["tar"],
    "GZ": ["gz"],
    "BZ2": ["bz2"],
    "XZ": ["xz"],
    "CAB": ["cab"],
    "ISO": ["iso"],
    "EXE": ["exe"],
    "MSI": ["msi"],
    "DEB": ["deb"],
    "RPM": ["rpm"],
    "DMG": ["dmg"],
    "PKG": ["pkg"],
    "APPIMAGE": ["appimage"],
    "APK": ["apk"],
    "APP": ["app"],
    "BAT": ["bat"],
    "SH": ["sh"],
    "CPP": ["cpp", "cc", "cxx"],
    "C": ["c"],
    "H": ["h", "hpp", "hxx"],
    "JAVA": ["java"],
    "PY": ["py"],
    "JS": ["js"],
    "HTML": ["html", "htm"],
    "CSS": ["css"],
    "PHP": ["php"],
    "RB": ["rb"],
    "GO": ["go"],
    "RS": ["rs"],
    "SWIFT": ["swift"],
    "KT": ["kt"],
    "TS": ["ts"],
    "JSON": ["json"],
    "XML": ["xml"],
    "YAML": ["yaml", "yml"],
    "SQL": ["sql"],
    "MD": ["md", "markdown"],
    "EPUB": ["epub"],
    "MOBI": ["mobi"],
    "AZW": ["azw"],
    "DJVU": ["djvu"],
    "CHM": ["chm"],
    "TTF": ["ttf"],
    "OTF": ["otf"],
    "WOFF": ["woff", "woff2"],
    "DB": ["db", "sqlite", "mdb", "accdb"]
  }
}